class,freq1_harmonics_freq_0
Mira,0.00265779714855
Beta_Lyrae,0.579967588931
Herbig_AEBE,0.00405500315501
