class,all_times_nhist_peak1_bin,avg_err,cad_probs_10,cad_probs_30,cad_probs_50
RR_Lyrae_FM,0,0.041188034188,0.00571428571429,0.00857142857143,0.00857142857143
RR_Lyrae_FM,0,0.0334031007752,0.0,0.0,0.0
Mira,0,0.0429,0.0118343195266,0.0118343195266,0.0236686390533
