class,fold2P_slope_90percentile,freq1_harmonics_amplitude_0,freq1_harmonics_freq_0,freq1_harmonics_rel_phase_1,percent_difference_flux_percentile
Mira,0.034354742311,2.0321340071,0.00313189528678,-0.645266071334,5.37911392085
RR_Lyrae_FM,2.15961968029,0.232995985904,1.64995341913,2.50538496358,0.661112538007
RR_Lyrae_FM,5.5208210036,0.403305551199,2.02693461847,2.29084963997,1.38652987525
