class,fold2P_slope_90percentile,freq1_harmonics_amplitude_0,freq1_harmonics_freq_0,freq1_harmonics_rel_phase_1,percent_difference_flux_percentile
RSG,0.58282529133,0.206957546653,1.00022319378,-1.21965732071,0.499687548555
RR_Lyrae_FM,3.79065317151,0.399929446696,1.55703799164,2.50610871989,1.27163522622
RSG,4.2384504548e-05,0.689603075311,0.000182033072964,1.34758296347,0.363952608469
RR_Lyrae_FM,3.5790415927,0.375668626791,1.70565928512,2.39463953329,1.14378053534
