class,fold2P_slope_90percentile,freq1_harmonics_amplitude_0,freq1_harmonics_freq_0,freq1_harmonics_rel_phase_1,percent_difference_flux_percentile
Delta_Scuti,2.02554908086,0.0415961966283,8.38595385133,-1.57223443843,0.113942004588
Mira,0.292778722405,0.429008103185,0.00143279599859,-0.7604340529,3.29948222911
W_Ursae_Maj,3.33079067907,0.101356388872,6.0688970237,-1.81077583522,0.414012881456
Classical_Cepheid,0.693190479849,0.182576710971,0.718740961271,2.3553723286,0.388091294619
