class,freq1_harmonics_freq_0
Mira,0.00313189528678
RR_Lyrae_FM,2.02693461847
RR_Lyrae_FM,1.64995341913
