class,all_times_nhist_peak_1_to_2,all_times_nhist_peak_2_to_4,avg_err,cad_probs_10,cads_std
RR_Lyrae_FM,1.79633793768,1.46494117647,0.0334031007752,0.0,23.4311127501
RR_Lyrae_FM,1.76118855466,1.50774336283,0.041188034188,0.00571428571429,28.4481825582
Mira,1.87733333333,1.28424657534,0.0429,0.0118343195266,42.1280062025
