class,fold2P_slope_90percentile,freq1_harmonics_amplitude_0,freq1_harmonics_freq_0,freq1_harmonics_rel_phase_1,percent_difference_flux_percentile
Mira,1.10160962219,2.27662466377,0.00265779714855,2.61359050913,23.0666892889
Herbig_AEBE,0.0374715566087,0.0746193834803,0.00405500315501,1.66454531808,0.529766745024
Beta_Lyrae,1.04022057523,0.0862026058524,0.579967588931,-1.58300825098,0.411269447932
